É”,deep,void ratio,water content,X,Y,UU,CU,CUBar,CD
40,9.45,33.7,0.94,-122.4698563,-114.9771347,0,0,0,1
39.9,6.2,44.5,1.213,-122.4698563,-114.9771347,0,0,0,1
16.7,9.6,50.7,1.347,77.65274811,-9.2609272,0,1,0,0
14.1,11.6,64.3,1.728,77.65274811,-9.2609272,0,1,0,0
14.5,13.6,68.3,1.804,77.65274811,-9.2609272,0,1,0,0
17.9,15.6,66.7,1.792,77.65274811,-9.2609272,0,1,0,0
15.8,17.6,58.2,1.55,77.65274811,-9.2609272,0,1,0,0
20.2,19.6,46.5,1.251,77.65274811,-9.2609272,0,1,0,0
37.7,11.5,39,1.05,-122.4698563,-114.9771347,0,0,0,1
20.8,16.425,51.2,1.347,77.65274811,-9.2609272,0,1,0,0
19.1,18.425,61.2,1.614,77.65274811,-9.2609272,0,1,0,0
18.4,20.425,63.8,1.679,77.65274811,-9.2609272,0,1,0,0
18.8,22.425,63.7,1.675,77.65274811,-9.2609272,0,1,0,0
19,24.4,57.7,1.524,77.65274811,-9.2609272,0,1,0,0
18.2,26.4,40.8,1.091,77.65274811,-9.2609272,0,1,0,0
34,4.25,19.2,0.766,-122.4698563,-114.9771347,0,0,0,1
40.3,7.825,17.3,0.583,-122.4698563,-114.9771347,0,0,0,1
41.6,47.4,17.5,0.663,-122.4698563,-114.9771347,0,0,0,1
33.8,7.4,21.6,0.674,-122.4698563,-114.9771347,0,0,0,1
40.3,8.175,20.4,0.663,-122.4698563,-114.9771347,0,0,0,1
34.6,9.55,24.2,0.934,-122.4698563,-114.9771347,0,0,0,1
38.4,7.575,23.7,0.925,-122.4698563,-114.9771347,0,0,0,1
35.9,9,45.5,1.263,77.65274811,-9.2609272,0,0,0,1
35.2,8.75,30,0.888,-122.4698563,-114.9771347,0,0,0,1
37,3.825,10.8,0.353,-75.6231308,38.1353569,0,0,0,1
32.6,8.6,13.1,0.606,-122.4698563,-114.9771347,0,0,0,1
37.4,10.4,29,0.853,-122.4698563,-114.9771347,0,0,0,1
40.9,6.7,21.3,0.662,-122.4698563,-114.9771347,0,0,0,1
41.3,11.825,27.5,0.836,-122.4698563,-114.9771347,0,0,0,1
40.1,8.5,18,0.53,-122.4698563,-114.9771347,0,0,0,1
24.9,7.5,41.8,1.049,-122.4698563,-114.9771347,0,0,0,1
37.1,9.5,29.7,0.888,-122.4698563,-114.9771347,0,0,0,1
46.2,9.5,19.5,0.701,-122.4698563,-114.9771347,0,0,0,1
36,6.575,29.6,0.816,-122.4698563,-114.9771347,0,0,0,1
41.5,9.45,20.9,0.606,-122.4698563,-114.9771347,0,0,0,1
36.7,14.4,50.6,1.28,77.65274811,-9.2609272,0,0,0,1
0,35.4,77.5,1.956,77.65274811,-9.2609272,1,0,0,0
0,5.15,24.6,0.668,-122.4698563,-114.9771347,1,0,0,0
36.1,7.3,27.9,0.85,-122.4698563,-114.9771347,0,0,0,1
38.9,3.25,7.6,0.245,-75.6231308,38.1353569,0,0,0,1
39.4,9.15,22.3,0.624,-122.4698563,-114.9771347,0,0,0,1
0,38.55,73.8,1.917,77.65274811,-9.2609272,1,0,0,0
37.6,8.75,29.7,0.851,-122.4698563,-114.9771347,0,0,0,1
43.3,4.15,5,0.359,-75.6231308,38.1353569,0,0,0,1
37.9,7.3,27.2,0.888,-122.4698563,-114.9771347,0,0,0,1
0,36.4,74,1.956,77.65274811,-9.2609272,1,0,0,0
43.8,3.15,10.4,0.395,-122.4698563,-114.9771347,0,0,0,1
35.9,7.7,24.7,0.773,-122.4698563,-114.9771347,0,0,0,1
0,36.4,73.7,1.956,77.65274811,-9.2609272,1,0,0,0
35.2,9.05,28.9,0.817,-122.4698563,-114.9771347,0,0,0,1
34.6,8.35,32.8,0.891,-122.4698563,-114.9771347,0,0,0,1
12.5,13.425,53.9,1.435,77.65274811,-9.2609272,0,1,0,0
7.35,17.435,70.8,1.884,77.65274811,-9.2609272,0,1,0,0
9.54,20.445,61.6,1.654,77.65274811,-9.2609272,0,1,0,0
9,24.45,42.2,1.124,77.65274811,-9.2609272,0,1,0,0
38.5,0.95,7.5,0.58,-75.6231308,38.1353569,0,0,0,1
40.5,7.8,29.5,0.842,-122.4698563,-114.9771347,0,0,0,1
38.7,8.5,22.3,0.833,-122.4698563,-114.9771347,0,0,0,1
33.3,27.075,27.9,0.892,-122.4698563,-114.9771347,0,0,0,1
38.6,1.25,8.6,0.474,-75.6231308,38.1353569,0,0,0,1
0,5.4,70.4,1.847,77.65274811,-9.2609272,1,0,0,0
34.4,6.5,23.4,0.655,-122.4698563,-114.9771347,0,0,0,1
37.9,7.85,28.5,0.84,-122.4698563,-114.9771347,0,0,0,1
38.2,9.1,25.9,0.8,-122.4698563,-114.9771347,0,0,0,1
0,10.6,54.1,1.46,30.23841476,-162.0327454,1,0,0,0
37.4,7.75,24.1,0.8,-122.4698563,-114.9771347,0,0,0,1
37.9,27.725,23.9,0.755,-122.4698563,-114.9771347,0,0,0,1
32.4,6.1,23.7,0.721,-122.4698563,-114.9771347,0,0,0,1
34,9.1,38.7,1.084,77.65274811,-9.2609272,0,0,0,1
40.3,9.2,30.8,0.869,-122.4698563,-114.9771347,0,0,0,1
38,4.2,23.1,0.734,-122.4698563,-114.9771347,0,0,0,1
0,6,29.8,0.817,-122.4698563,-114.9771347,1,0,0,0
41.1,9.4,20.9,0.65,-122.4698563,-114.9771347,0,0,0,1
0,18.425,48.3,1.321,77.65274811,-9.2609272,1,0,0,0
0,20.425,55,1.514,77.65274811,-9.2609272,1,0,0,0
0,22.425,60,1.645,77.65274811,-9.2609272,1,0,0,0
0,24.425,64.8,1.768,77.65274811,-9.2609272,1,0,0,0
0,26.425,65.7,1.8,77.65274811,-9.2609272,1,0,0,0
0,28.425,55.2,1.529,77.65274811,-9.2609272,1,0,0,0
0,30.425,44.5,1.229,77.65274811,-9.2609272,1,0,0,0
0,32.425,36.4,1.029,77.65274811,-9.2609272,1,0,0,0
0,34.425,46.6,1.266,77.65274811,-9.2609272,1,0,0,0
0,36.425,46.1,1.263,77.65274811,-9.2609272,1,0,0,0
0,38.375,39.1,1.095,77.65274811,-9.2609272,1,0,0,0
0.75,15.4,67.7,1.751,77.65274811,-9.2609272,1,0,0,0
0,46.5,76.9,1.99,77.65274811,-9.2609272,1,0,0,0
0,50.5,55.3,1.463,77.65274811,-9.2609272,1,0,0,0
0,81.1,61.6,1.612,77.65274811,-9.2609272,1,0,0,0
0,85.5,35.3,0.94,77.65274811,-9.2609272,1,0,0,0
0,88.5,48,1.265,77.65274811,-9.2609272,1,0,0,0
0,5.85,60.1,1.553,77.65274811,-9.2609272,1,0,0,0
31.2,8,25.9,0.756,-122.4698563,-114.9771347,0,0,0,1
0,10.45,49.6,1.347,30.23841476,-162.0327454,1,0,0,0
0,23.45,40.9,0.868,77.65274811,-9.2609272,1,0,0,0
43.3,3.6,15.8,0.456,-122.4698563,-114.9771347,0,0,0,1
41.3,9.425,24.5,0.808,-122.4698563,-114.9771347,0,0,0,1
28.8,7.55,27.9,0.832,-122.4698563,-114.9771347,0,0,0,1
2.5,33.25,39.6,1.062,77.65274811,-9.2609272,1,0,0,0
1.9,41.305,73.5,1.955,77.65274811,-9.2609272,1,0,0,0
0,4.575,40.6,1.112,-122.4698563,-114.9771347,1,0,0,0
32.6,10.3,42,1.183,77.65274811,-9.2609272,0,0,0,1
2.5,33.355,38.2,1.023,77.65274811,-9.2609272,1,0,0,0
2.2,41.34,76,2.022,77.65274811,-9.2609272,1,0,0,0
38.9,5.15,11.1,0.459,-75.6231308,38.1353569,0,0,0,1
42.4,7.425,18.4,0.758,-122.4698563,-114.9771347,0,0,0,1
3.15,16.975,44,1.17,77.65274811,-9.2609272,1,0,0,0
2.09,18.575,47.8,1.269,77.65274811,-9.2609272,1,0,0,0
1.71,20.575,54.8,1.452,77.65274811,-9.2609272,1,0,0,0
0.45,22.55,59.9,1.582,77.65274811,-9.2609272,1,0,0,0
1.71,24.55,60.6,1.599,77.65274811,-9.2609272,1,0,0,0
4.75,26.55,62.9,1.659,77.65274811,-9.2609272,1,0,0,0
0.69,28.575,56.1,1.491,77.65274811,-9.2609272,1,0,0,0
1.68,30.575,31.4,0.87,77.65274811,-9.2609272,1,0,0,0
1.81,32.575,46.4,1.254,77.65274811,-9.2609272,1,0,0,0
3.2,34.55,46.2,1.253,77.65274811,-9.2609272,1,0,0,0
3.53,36.525,42.7,1.155,77.65274811,-9.2609272,1,0,0,0
34,1.025,10.8,0.426,-122.4698563,-114.9771347,0,0,0,1
0,5.2,89.3,2.792,77.65274811,-9.2609272,1,0,0,0
36.5,7.1,22.5,0.612,-122.4698563,-114.9771347,0,0,0,1
36.7,9.3,36.6,1.186,-122.4698563,-114.9771347,0,0,0,1
0,10.55,49.1,1.327,30.23841476,-162.0327454,1,0,0,0
12.5,11.4,54.3,1.5,77.65274811,-9.2609272,0,0,1,0
10.8,16.4,68.3,1.834,77.65274811,-9.2609272,0,0,1,0
11.4,21.4,67.1,1.818,77.65274811,-9.2609272,0,0,1,0
0,15.06,56.4,1.534,77.65274811,-9.2609272,1,0,0,0
36.1,24.5,25,0.716,-122.4698563,-114.9771347,0,0,0,1
0,7.925,53.7,1.44,77.65274811,-9.2609272,1,0,0,0
0,14.425,78.3,2.078,77.65274811,-9.2609272,1,0,0,0
0,20.375,36.1,0.991,77.65274811,-9.2609272,1,0,0,0
0,28.35,41.5,1.114,77.65274811,-9.2609272,1,0,0,0
0,35.325,75.9,2.029,77.65274811,-9.2609272,1,0,0,0
0,39.9,41.7,1.145,77.65274811,-9.2609272,1,0,0,0
0,43.3,33.7,0.937,77.65274811,-9.2609272,1,0,0,0
0,58.7,38.8,1.04,77.65274811,-9.2609272,1,0,0,0
0,64.7,51,1.373,77.65274811,-9.2609272,1,0,0,0
0,66.4,59.3,1.622,77.65274811,-9.2609272,1,0,0,0
8.75,16.35,71.8,1.852,77.65274811,-9.2609272,1,0,0,0
37.1,0.9,9.5,0.782,-122.4698563,-114.9771347,0,0,0,1
37.8,9.5,33.9,1.121,-122.4698563,-114.9771347,0,0,0,1
42.4,25.6,11.9,0.417,-75.6231308,38.1353569,0,0,0,1
0,8.4,70.3,1.877,77.65274811,-9.2609272,1,0,0,0
0,13.4,75.3,2.017,77.65274811,-9.2609272,1,0,0,0
0,28.925,32.7,0.885,77.65274811,-9.2609272,1,0,0,0
0,35.35,77.5,2.049,77.65274811,-9.2609272,1,0,0,0
0,39.4,43.9,1.193,77.65274811,-9.2609272,1,0,0,0
0,43.35,33,0.895,77.65274811,-9.2609272,1,0,0,0
0,58.8,30.9,0.839,77.65274811,-9.2609272,1,0,0,0
0,64.4,59.1,1.582,77.65274811,-9.2609272,1,0,0,0
0,66.35,60.4,1.622,77.65274811,-9.2609272,1,0,0,0
0,68.3,38.4,1.045,77.65274811,-9.2609272,1,0,0,0
2.05,14.65,42.6,1.233,77.65274811,-9.2609272,1,0,0,0
1.12,15.65,34.9,1.026,30.23841476,-162.0327454,1,0,0,0
1,16.65,34.2,0.943,30.23841476,-162.0327454,1,0,0,0
10,17.55,37.7,1.037,77.65274811,-9.2609272,1,0,0,0
1.02,15.5,34.2,1.017,77.65274811,-9.2609272,1,0,0,0
1.02,16.5,34.6,0.996,30.23841476,-162.0327454,1,0,0,0
0.95,17.5,33.7,0.967,77.65274811,-9.2609272,1,0,0,0
8.08,18.325,26.4,0.872,77.65274811,-9.2609272,1,0,0,0
0,8.41,56.3,1.498,77.65274811,-9.2609272,1,0,0,0
0,14.425,76.9,2.045,77.65274811,-9.2609272,1,0,0,0
0,20.415,41.7,1.126,77.65274811,-9.2609272,1,0,0,0
0,28.95,39,1.035,77.65274811,-9.2609272,1,0,0,0
0,35.8,77,2.044,77.65274811,-9.2609272,1,0,0,0
0,39.375,43.4,1.182,77.65274811,-9.2609272,1,0,0,0
0,43.275,35.8,0.977,77.65274811,-9.2609272,1,0,0,0
0,57.4,35.4,0.931,77.65274811,-9.2609272,1,0,0,0
0,64.35,47,1.271,77.65274811,-9.2609272,1,0,0,0
0,66.4,59.3,1.593,77.65274811,-9.2609272,1,0,0,0
41.6,8.3,27.2,0.849,-122.4698563,-114.9771347,0,0,0,1
5.5,17.4,71.1,1.788,77.65274811,-9.2609272,1,0,0,0
35,1,9.8,0.779,-122.4698563,-114.9771347,0,0,0,1
40.3,8,18,0.791,-122.4698563,-114.9771347,0,0,0,1
35.6,24.5,19.5,0.725,-122.4698563,-114.9771347,0,0,0,1
12.7,12.35,52.5,1.421,77.65274811,-9.2609272,0,0,1,0
10,17.62,71.1,1.894,77.65274811,-9.2609272,0,0,1,0
8.9,22.3,64.2,1.761,77.65274811,-9.2609272,0,0,1,0
0,16.9,60.1,1.62,77.65274811,-9.2609272,1,0,0,0
3.2,8.2,62,1.658,77.65274811,-9.2609272,1,0,0,0
5.5,18.4,66,1.719,77.65274811,-9.2609272,1,0,0,0
35.2,7.4,20.6,0.742,-122.4698563,-114.9771347,0,0,0,1
34.7,8.25,39,1.109,-122.4698563,-114.9771347,0,0,0,1
33.8,5.35,26.4,0.858,-122.4698563,-114.9771347,0,0,0,1
34.9,9,33.8,1.002,-122.4698563,-114.9771347,0,0,0,1
3.5,18.4,49.1,1.31,77.65274811,-9.2609272,1,0,0,0
39,6.35,19.6,0.672,-122.4698563,-114.9771347,0,0,0,1
35.7,7.3,22.1,0.661,-122.4698563,-114.9771347,0,0,0,1
38.9,6.4,36.6,1.02,-122.4698563,-114.9771347,0,0,0,1
35.7,1.075,8.7,0.571,-122.4698563,-114.9771347,0,0,0,1
40.1,7.475,22.8,0.8,-122.4698563,-114.9771347,0,0,0,1
2.5,14.35,67.7,1.808,77.65274811,-9.2609272,1,0,0,0
0,34.27,25,0.688,77.65274811,-9.2609272,1,0,0,0
0,39.4,76.9,2.071,77.65274811,-9.2609272,1,0,0,0
0,41.425,76.3,1.938,77.65274811,-9.2609272,1,0,0,0
36.2,1.1,9.4,0.639,-122.4698563,-114.9771347,0,0,0,1
35.5,7.475,26.7,0.885,-122.4698563,-114.9771347,0,0,0,1
0,33,79.9,2.138,77.65274811,-9.2609272,1,0,0,0
2.8,10.4,71.5,1.921,77.65274811,-9.2609272,1,0,0,0
41,8.15,29.3,0.848,-122.4698563,-114.9771347,0,0,0,1
33.5,9.775,38.9,1.126,30.23841476,-162.0327454,0,0,0,1
38.1,6.35,35.7,1.055,-122.4698563,-114.9771347,0,0,0,1
33.8,0.875,12.7,0.672,-122.4698563,-114.9771347,0,0,0,1
39.1,7.725,28.6,0.843,-122.4698563,-114.9771347,0,0,0,1
35.9,7.225,26.7,0.748,-122.4698563,-114.9771347,0,0,0,1
35.3,10.7,48.9,1.377,77.65274811,-9.2609272,0,0,0,1
33,3.225,23.2,0.938,-122.4698563,-114.9771347,0,0,0,1
0,6.95,30,0.783,-122.4698563,-114.9771347,1,0,0,0
34.6,10.375,30.5,0.954,-122.4698563,-114.9771347,0,0,0,1
38.6,14.575,25.3,0.825,-122.4698563,-114.9771347,0,0,0,1
0,18.65,51.6,1.369,77.65274811,-9.2609272,1,0,0,0
0,21.7,64.3,1.727,77.65274811,-9.2609272,1,0,0,0
0,25.4,62.4,1.615,77.65274811,-9.2609272,1,0,0,0
0,33.425,46.3,1.258,77.65274811,-9.2609272,1,0,0,0
32.7,0.725,10,0.68,-122.4698563,-114.9771347,0,0,0,1
37.2,7.25,14.7,0.59,-122.4698563,-114.9771347,0,0,0,1
2,21.4,63.6,1.718,77.65274811,-9.2609272,1,0,0,0
2.1,41.35,72.7,1.914,77.65274811,-9.2609272,1,0,0,0
37,7.6,33.4,0.944,-122.4698563,-114.9771347,0,0,0,1
33.9,2.25,9.4,0.612,-75.6231308,38.1353569,0,0,0,1
40.7,7.175,16.4,0.62,-122.4698563,-114.9771347,0,0,0,1
36.9,7.5,27.4,0.801,-122.4698563,-114.9771347,0,0,0,1
37.6,6.4,30.1,0.931,-122.4698563,-114.9771347,0,0,0,1
20.3,4.4,30.8,0.965,-122.4698563,-114.9771347,1,0,0,0
40.2,24.4,27,0.844,-122.4698563,-114.9771347,1,0,0,0
26.7,28.3,23.7,0.726,-122.4698563,-114.9771347,1,0,0,0
31,2,17.8,0.585,-122.4698563,-114.9771347,0,0,0,1
34.3,1.5,20,0.764,-122.4698563,-114.9771347,0,0,0,1
37.1,4,14.3,0.672,-122.4698563,-114.9771347,0,0,0,1
32.9,8,30.6,0.942,-122.4698563,-114.9771347,0,0,0,1
38.7,12,26.5,0.831,-122.4698563,-114.9771347,0,0,0,1
0,17.825,48.7,1.306,77.65274811,-9.2609272,1,0,0,0
0,22.5,62.5,1.678,77.65274811,-9.2609272,1,0,0,0
0,26.65,35.8,1.009,77.65274811,-9.2609272,1,0,0,0
0,34.5,28.6,0.746,77.65274811,-9.2609272,1,0,0,0
37.1,2.25,10.6,0.662,-122.4698563,-114.9771347,0,0,0,1
34.8,7.7,19.7,0.652,-122.4698563,-114.9771347,0,0,0,1
35.4,20.4,25.5,0.736,-122.4698563,-114.9771347,0,0,0,1
27.5,2,5.8,0.815,-122.4698563,-114.9771347,0,0,0,1
31.9,7,37.4,1.056,-122.4698563,-114.9771347,0,0,0,1
0,50.25,38.6,1.031,77.65274811,-9.2609272,1,0,0,0
0,59.25,43,1.168,77.65274811,-9.2609272,1,0,0,0
0,88.975,54.8,1.483,77.65274811,-9.2609272,1,0,0,0
0,43.8,48.9,1.337,77.65274811,-9.2609272,1,0,0,0
0,34.325,43.1,1.147,77.65274811,-9.2609272,1,0,0,0
0,13.325,68.7,1.834,77.65274811,-9.2609272,1,0,0,0
0,44.5,42,1.129,77.65274811,-9.2609272,1,0,0,0
0,47.5,50.4,1.343,77.65274811,-9.2609272,1,0,0,0
0,80.5,27.7,0.737,77.65274811,-9.2609272,1,0,0,0
0,85.4,31,0.837,77.65274811,-9.2609272,1,0,0,0
0,32.1,59.2,1.596,77.65274811,-9.2609272,1,0,0,0
0,33.65,42.4,1.131,77.65274811,-9.2609272,1,0,0,0
0,35.6,47.2,1.254,77.65274811,-9.2609272,1,0,0,0
0,53.4,63,1.676,77.65274811,-9.2609272,1,0,0,0
0,56.375,41,1.089,77.65274811,-9.2609272,1,0,0,0
37.1,2.85,16.9,0.966,-122.4698563,-114.9771347,0,0,0,1
36.5,6.9,24.1,0.71,-122.4698563,-114.9771347,0,0,0,1
36.6,9.9,21,0.692,-122.4698563,-114.9771347,0,0,0,1
36.1,13,34.9,0.933,-122.4698563,-114.9771347,0,0,0,1
0,17.9,48.5,1.363,77.65274811,-9.2609272,1,0,0,0
0,22.9,65.9,1.814,77.65274811,-9.2609272,1,0,0,0
0,26.4,51.4,1.408,77.65274811,-9.2609272,1,0,0,0
0,30.45,42.8,1.174,77.65274811,-9.2609272,1,0,0,0
32.5,9.475,38.3,1.171,77.65274811,-9.2609272,0,0,0,1
36.2,11.1,27.5,0.976,-122.4698563,-114.9771347,0,0,0,1
37.7,12.475,41.5,1.21,-122.4698563,-114.9771347,0,0,0,1
36.6,14.005,45.4,1.266,-122.4698563,-114.9771347,0,0,0,1
16.9,17.425,57,1.534,77.65274811,-9.2609272,0,1,0,0
17.4,22.4,65.6,1.793,77.65274811,-9.2609272,0,1,0,0
16.6,31.4,51.6,1.364,77.65274811,-9.2609272,0,1,0,0
16.9,42.45,77.4,2.055,77.65274811,-9.2609272,0,1,0,0
16.8,46.45,49.4,1.331,77.65274811,-9.2609272,0,1,0,0
30.3,51.125,30.2,0.812,30.23841476,-162.0327454,0,0,0,1
0,31.5,48.8,1.321,77.65274811,-9.2609272,1,0,0,0
0,19.3,59.2,1.635,77.65274811,-9.2609272,1,0,0,0
0,51.4,64,1.69,77.65274811,-9.2609272,1,0,0,0
0,82.45,45.3,1.217,77.65274811,-9.2609272,1,0,0,0
0,96.45,40.6,1.094,77.65274811,-9.2609272,1,0,0,0
1.6,38.4,66.5,1.794,77.65274811,-9.2609272,1,0,0,0
2.1,42.4,79,2.128,77.65274811,-9.2609272,1,0,0,0
2.4,46.4,75.3,2.055,77.65274811,-9.2609272,1,0,0,0
3.8,80.4,60.9,1.659,77.65274811,-9.2609272,1,0,0,0
2.7,84.4,38.3,1.051,77.65274811,-9.2609272,1,0,0,0
0,19.4,37.6,1.061,77.65274811,-9.2609272,1,0,0,0
0,14.375,71.2,1.909,77.65274811,-9.2609272,1,0,0,0
0,31.675,37.2,1.01,77.65274811,-9.2609272,1,0,0,0
36.7,9.3,23.8,0.654,-122.4698563,-114.9771347,0,0,0,1
0,13.375,46.9,1.275,77.65274811,-9.2609272,1,0,0,0
0,15.35,49.3,1.304,77.65274811,-9.2609272,1,0,0,0
0,17.4,59.9,1.618,77.65274811,-9.2609272,1,0,0,0
0,19.425,62.7,1.702,77.65274811,-9.2609272,1,0,0,0
0,21.35,64.1,1.723,77.65274811,-9.2609272,1,0,0,0
0,23.4,58.2,1.585,77.65274811,-9.2609272,1,0,0,0
0,25.425,39.7,1.096,77.65274811,-9.2609272,1,0,0,0
34.7,28.375,35.3,0.958,-122.4698563,-114.9771347,0,0,0,1
0,30.425,45.4,1.218,77.65274811,-9.2609272,1,0,0,0
0,32.35,44.1,1.177,77.65274811,-9.2609272,1,0,0,0
0,18.4,48,1.27,77.65274811,-9.2609272,1,0,0,0
3.2,8.425,64.5,1.727,77.65274811,-9.2609272,1,0,0,0
2.7,11.4,72.8,1.949,77.65274811,-9.2609272,1,0,0,0
3.51,23.65,52.6,1.416,77.65274811,-9.2609272,1,0,0,0
10.4,44.4,72.6,1.914,77.65274811,-9.2609272,0,0,1,0
2.26,46.4,51.4,1.389,77.65274811,-9.2609272,1,0,0,0
14.6,49.4,23.3,0.626,77.65274811,-9.2609272,0,0,1,0
5.29,59,42.2,1.101,77.65274811,-9.2609272,1,0,0,0
0,69.2,40.1,1.061,77.65274811,-9.2609272,1,0,0,0
0,76.975,52.4,1.404,77.65274811,-9.2609272,1,0,0,0
0,79.6,43.4,1.154,77.65274811,-9.2609272,1,0,0,0
0,20.6,59.3,1.516,77.65274811,-9.2609272,1,0,0,0
0,34.325,34.9,0.933,77.65274811,-9.2609272,1,0,0,0
0,16.45,55.1,1.538,77.65274811,-9.2609272,1,0,0,0
0,20.45,62.8,1.725,77.65274811,-9.2609272,1,0,0,0
0,25.45,56.9,1.558,77.65274811,-9.2609272,1,0,0,0
0,31.7,49.9,1.337,77.65274811,-9.2609272,1,0,0,0
3.1,8.425,63.4,1.695,77.65274811,-9.2609272,1,0,0,0
3,11.425,69.2,1.849,77.65274811,-9.2609272,1,0,0,0
0,10.4,52.1,1.383,77.65274811,-9.2609272,1,0,0,0
0,16.875,62.7,1.669,77.65274811,-9.2609272,1,0,0,0
0,20.875,57.4,1.523,77.65274811,-9.2609272,1,0,0,0
24.3,4.35,32.8,0.919,-122.4698563,-114.9771347,0,0,0,1
31.8,7.4,41.5,1.167,-122.4698563,-114.9771347,0,0,0,1
25.4,10.4,41.1,1.167,-122.4698563,-114.9771347,0,0,0,1
1.5,40.4,68.7,1.841,77.65274811,-9.2609272,1,0,0,0
0,13.425,45,1.183,77.65274811,-9.2609272,1,0,0,0
0,20.55,61.3,1.548,77.65274811,-9.2609272,1,0,0,0
0,26.55,29.7,0.779,77.65274811,-9.2609272,1,0,0,0
0,33.85,25.9,0.854,77.65274811,-9.2609272,1,0,0,0
0,43.45,65,1.684,77.65274811,-9.2609272,1,0,0,0
0,11.4,55.5,1.476,77.65274811,-9.2609272,1,0,0,0
0,17.35,60.8,1.622,77.65274811,-9.2609272,1,0,0,0
0,21.375,59.7,1.58,77.65274811,-9.2609272,1,0,0,0
2.8,11.425,70.8,1.894,77.65274811,-9.2609272,1,0,0,0
0,18.4,53,1.431,77.65274811,-9.2609272,1,0,0,0
0,10.4,58.8,1.564,77.65274811,-9.2609272,1,0,0,0
0,16.35,63.7,1.703,77.65274811,-9.2609272,1,0,0,0
0,20.35,56.4,1.512,77.65274811,-9.2609272,1,0,0,0
0,12.425,52.5,1.418,77.65274811,-9.2609272,1,0,0,0
0,16.425,66,1.786,77.65274811,-9.2609272,1,0,0,0
0,20.425,58,1.546,77.65274811,-9.2609272,1,0,0,0
0,28.375,40.9,1.092,77.65274811,-9.2609272,1,0,0,0
0,39.425,67.2,1.827,77.65274811,-9.2609272,1,0,0,0
0,12.4,51.3,1.375,77.65274811,-9.2609272,1,0,0,0
0,18.4,65.1,1.754,77.65274811,-9.2609272,1,0,0,0
0,28.35,32,0.866,77.65274811,-9.2609272,1,0,0,0
36.6,3.15,14.3,0.648,-122.4698563,-114.9771347,0,0,0,1
33.4,4.65,22.2,0.74,-122.4698563,-114.9771347,0,0,0,1
35.5,8,28,0.837,-122.4698563,-114.9771347,0,0,0,1
34.9,12.575,31.6,0.943,-122.4698563,-114.9771347,0,0,0,1
0,16.375,54,1.426,77.65274811,-9.2609272,1,0,0,0
0,20.45,63.4,1.706,77.65274811,-9.2609272,1,0,0,0
0,24.45,43.1,1.198,77.65274811,-9.2609272,1,0,0,0
0,30.7,41.3,1.127,77.65274811,-9.2609272,1,0,0,0
31.5,10.45,55.8,1.587,30.23841476,-162.0327454,0,0,0,1
0,27.4,32,0.883,77.65274811,-9.2609272,1,0,0,0
0,38.375,71.5,1.933,77.65274811,-9.2609272,1,0,0,0
0,41.365,28.7,0.786,77.65274811,-9.2609272,1,0,0,0
31.4,9.44,58.3,1.617,77.65274811,-9.2609272,0,0,0,1
0,26.685,36.1,0.993,77.65274811,-9.2609272,1,0,0,0
0,41,32,0.895,77.65274811,-9.2609272,1,0,0,0
0,26.445,38.2,1.055,77.65274811,-9.2609272,1,0,0,0
0,38.44,68.7,1.873,77.65274811,-9.2609272,1,0,0,0
0,42.375,31.6,0.893,77.65274811,-9.2609272,1,0,0,0
4.49,9.45,53.6,1.421,77.65274811,-9.2609272,1,0,0,0
2.09,12.45,70,1.861,77.65274811,-9.2609272,1,0,0,0
3.37,15.45,63.9,1.702,77.65274811,-9.2609272,1,0,0,0
5.9,18.45,47,1.272,77.65274811,-9.2609272,1,0,0,0
1.92,20.945,20.6,0.562,77.65274811,-9.2609272,1,0,0,0
0,10.4,54.8,1.462,77.65274811,-9.2609272,1,0,0,0
0,16.5,61.6,1.653,77.65274811,-9.2609272,1,0,0,0
0,20.575,48.1,1.294,77.65274811,-9.2609272,1,0,0,0
0,34.4,43.4,1.153,77.65274811,-9.2609272,1,0,0,0
0,37.4,33.4,0.886,77.65274811,-9.2609272,1,0,0,0
0,52.3,53.8,1.442,77.65274811,-9.2609272,1,0,0,0
0,55.35,34.6,0.934,-122.4698563,-114.9771347,1,0,0,0
0,10.4,57.3,1.537,77.65274811,-9.2609272,1,0,0,0
0,15.35,60.7,1.67,77.65274811,-9.2609272,1,0,0,0
0,20.425,60.3,1.585,77.65274811,-9.2609272,1,0,0,0
0,25.5,40.1,1.132,77.65274811,-9.2609272,1,0,0,0
0,38.65,73,1.976,77.65274811,-9.2609272,1,0,0,0
0,10.9,54.7,1.45,77.65274811,-9.2609272,1,0,0,0
0,16.025,58.2,1.542,77.65274811,-9.2609272,1,0,0,0
0,20.4,34.3,0.939,77.65274811,-9.2609272,1,0,0,0
0,13.4,65.3,1.74,77.65274811,-9.2609272,1,0,0,0
0,18.4,57.9,1.55,77.65274811,-9.2609272,1,0,0,0
0,26.5,36.1,0.964,77.65274811,-9.2609272,1,0,0,0
0,36.5,71.5,1.896,77.65274811,-9.2609272,1,0,0,0
0,7.8,51.9,1.414,30.23841476,-162.0327454,1,0,0,0
0,11.025,63,1.686,77.65274811,-9.2609272,1,0,0,0
0,16,64.4,1.715,77.65274811,-9.2609272,1,0,0,0
0,19.85,37.8,1.05,77.65274811,-9.2609272,1,0,0,0
0,30.4,45.3,1.208,77.65274811,-9.2609272,1,0,0,0
0,35.3,39.2,1.037,77.65274811,-9.2609272,1,0,0,0
0,10.4,53.7,1.426,77.65274811,-9.2609272,1,0,0,0
0,15.8,56.7,1.5,77.65274811,-9.2609272,1,0,0,0
0,19.95,50.6,1.355,77.65274811,-9.2609272,1,0,0,0
33.3,5,29.1,1.058,-122.4698563,-114.9771347,0,0,0,1
33.9,8,29.2,0.898,-122.4698563,-114.9771347,0,0,0,1
40.3,11,17.9,0.691,-122.4698563,-114.9771347,0,0,0,1
0,16.4,49,1.346,77.65274811,-9.2609272,1,0,0,0
0,20.4,58.6,1.61,77.65274811,-9.2609272,1,0,0,0
0,11.415,51.9,1.386,77.65274811,-9.2609272,1,0,0,0
0,17.45,62.8,1.669,77.65274811,-9.2609272,1,0,0,0
0,22.345,39.6,1.071,77.65274811,-9.2609272,1,0,0,0
0,11.42,56.1,1.489,77.65274811,-9.2609272,1,0,0,0
0,16.325,62.9,1.653,77.65274811,-9.2609272,1,0,0,0
11.7,31.1,21.4,0.647,-122.4698563,-114.9771347,1,0,0,0
36.9,3.45,25.8,0.69,-122.4698563,-114.9771347,0,0,0,1
0,10.1,53.1,1.412,77.65274811,-9.2609272,1,0,0,0
0,16.35,59.6,1.578,77.65274811,-9.2609272,1,0,0,0
0,20.835,36.6,0.996,77.65274811,-9.2609272,1,0,0,0
0,12.4,51.3,1.376,77.65274811,-9.2609272,1,0,0,0
0,17.275,59.6,1.579,77.65274811,-9.2609272,1,0,0,0
0,21.05,52.6,1.403,77.65274811,-9.2609272,1,0,0,0
0,17.375,55.9,1.515,77.65274811,-9.2609272,1,0,0,0
0,19.4,60.2,1.617,77.65274811,-9.2609272,1,0,0,0
0,21.4,59,1.575,77.65274811,-9.2609272,1,0,0,0
0,24.4,39.2,1.115,77.65274811,-9.2609272,1,0,0,0
0,12.1,51.2,1.36,77.65274811,-9.2609272,1,0,0,0
0,17.175,58.8,1.559,77.65274811,-9.2609272,1,0,0,0
0,22.4,42.3,1.131,77.65274811,-9.2609272,1,0,0,0
0,46.5,35.7,0.972,77.65274811,-9.2609272,1,0,0,0
0,49.5,29.4,0.777,77.65274811,-9.2609272,1,0,0,0
0,83.5,41.8,1.156,77.65274811,-9.2609272,1,0,0,0
0,86.4,35.2,0.931,77.65274811,-9.2609272,1,0,0,0
9,3.65,30,0.823,-122.4698563,-114.9771347,1,0,0,0
0,9.375,46.7,1.332,77.65274811,-9.2609272,1,0,0,0
0,11.4,52.4,1.423,77.65274811,-9.2609272,1,0,0,0
0,15.4,48.5,1.312,77.65274811,-9.2609272,1,0,0,0
0,3.45,30.8,0.786,-122.4698563,-114.9771347,1,0,0,0
0,4.4,42.9,1.16,77.65274811,-9.2609272,1,0,0,0
0,9.375,52.6,1.378,77.65274811,-9.2609272,1,0,0,0
39.6,1.9,15,0.922,-122.4698563,-114.9771347,0,0,0,1
5.7,3.8,28,0.856,77.65274811,-9.2609272,1,0,0,0
34.4,7,27.9,0.874,-122.4698563,-114.9771347,0,0,0,1
37.6,12.5,38.5,1.073,30.23841476,-162.0327454,0,0,0,1
0,17.9,61.4,1.617,77.65274811,-9.2609272,1,0,0,0
0,22.95,58.2,1.536,77.65274811,-9.2609272,1,0,0,0
1.25,10.6,64.2,1.68,77.65274811,-9.2609272,1,0,0,0
1,15.6,64.3,1.69,77.65274811,-9.2609272,1,0,0,0
23.5,3.65,26.5,0.902,-122.4698563,-114.9771347,1,0,0,0
0,8.4,50,1.375,77.65274811,-9.2609272,1,0,0,0
0,10.4,48.9,1.353,77.65274811,-9.2609272,1,0,0,0
19.5,3.85,29.9,0.915,-122.4698563,-114.9771347,1,0,0,0
2.7,4.25,48.8,1.289,77.65274811,-9.2609272,1,0,0,0
5.3,6.4,50.4,1.351,30.23841476,-162.0327454,1,0,0,0
2.8,12.3,64.1,1.709,77.65274811,-9.2609272,1,0,0,0
0,12.4,71.9,1.948,77.65274811,-9.2609272,1,0,0,0
0,9.9,50.2,1.31,77.65274811,-9.2609272,1,0,0,0
0,15.9,53.2,1.39,77.65274811,-9.2609272,1,0,0,0
19.5,21.9,28.7,0.78,-122.4698563,-114.9771347,1,0,0,0
0,32.4,59.6,1.57,77.65274811,-9.2609272,1,0,0,0
0,38.4,74.4,1.95,77.65274811,-9.2609272,1,0,0,0
0,8.35,47.6,1.294,77.65274811,-9.2609272,1,0,0,0
0,12.4,69.9,1.89,77.65274811,-9.2609272,1,0,0,0
0,17.33,42.9,1.174,77.65274811,-9.2609272,1,0,0,0
12.4,37.1,49,1.339,77.65274811,-9.2609272,0,1,0,0
14,60.4,54.4,1.482,77.65274811,-9.2609272,0,1,0,0
8.3,95.35,49,1.347,77.65274811,-9.2609272,0,1,0,0
3.4,9.425,78.6,2.092,77.65274811,-9.2609272,1,0,0,0
2.9,10.4,78.2,2.098,77.65274811,-9.2609272,1,0,0,0
5.2,28.4,65.7,1.762,77.65274811,-9.2609272,1,0,0,0
13.8,28.415,66.8,1.788,77.65274811,-9.2609272,1,0,0,0
2.6,42.4,63.2,1.698,77.65274811,-9.2609272,1,0,0,0
7.66,49.3,33.6,0.912,77.65274811,-9.2609272,1,0,0,0
0.6,12.45,60.5,1.608,77.65274811,-9.2609272,1,0,0,0
1.4,12.45,62.1,1.666,77.65274811,-9.2609272,1,0,0,0
0.5,12.45,67.8,1.803,77.65274811,-9.2609272,1,0,0,0
2.5,6.425,76.4,2.033,77.65274811,-9.2609272,1,0,0,0
0,3.325,52.6,1.39,77.65274811,-9.2609272,1,0,0,0
0,6.425,63,1.665,77.65274811,-9.2609272,1,0,0,0
0,9.425,85.9,2.276,77.65274811,-9.2609272,1,0,0,0
0,12.425,65.2,1.714,77.65274811,-9.2609272,1,0,0,0
0,15.425,33.3,0.894,77.65274811,-9.2609272,1,0,0,0
0,20.85,28.6,0.763,77.65274811,-9.2609272,1,0,0,0
0,2.4,61.2,1.548,77.65274811,-9.2609272,1,0,0,0
0,6.425,64.4,1.701,77.65274811,-9.2609272,1,0,0,0
0,9.4,87.7,2.316,77.65274811,-9.2609272,1,0,0,0
0,12.4,64.8,1.705,77.65274811,-9.2609272,1,0,0,0
0,15.3,30.1,0.808,-122.4698563,-114.9771347,1,0,0,0
0,19.25,49.9,1.307,30.23841476,-162.0327454,1,0,0,0
2.8,8.4,89.5,2.396,77.65274811,-9.2609272,1,0,0,0
4.6,3.4,51.2,1.387,30.23841476,-162.0327454,1,0,0,0
2.8,8.425,72.9,1.949,77.65274811,-9.2609272,1,0,0,0
2.7,12.375,80,2.143,77.65274811,-9.2609272,1,0,0,0
2.7,14.4,67,1.798,77.65274811,-9.2609272,1,0,0,0
11.5,3.125,40.8,1.127,30.23841476,-162.0327454,1,0,0,0
2.7,7.4,90.7,2.429,77.65274811,-9.2609272,1,0,0,0
3,11.35,77.8,2.084,77.65274811,-9.2609272,1,0,0,0
2.8,14.35,58.1,1.563,77.65274811,-9.2609272,1,0,0,0
5.2,3.15,54.7,1.488,77.65274811,-9.2609272,1,0,0,0
3.2,7.4,78.6,2.106,77.65274811,-9.2609272,1,0,0,0
2.7,11,77.4,2.074,77.65274811,-9.2609272,1,0,0,0
3.2,14.35,63.2,1.7,77.65274811,-9.2609272,1,0,0,0
5.2,3.3,58.2,1.583,77.65274811,-9.2609272,1,0,0,0
3,5.95,69.4,1.863,77.65274811,-9.2609272,1,0,0,0
2.9,8.4,91.2,2.442,77.65274811,-9.2609272,1,0,0,0
2.9,12.35,80.3,2.149,77.65274811,-9.2609272,1,0,0,0
2.8,5.425,69.2,1.842,77.65274811,-9.2609272,1,0,0,0
37.4,44.05,18.9,0.565,-122.4698563,-114.9771347,0,0,0,1
7.5,38.675,28.9,0.786,77.65274811,-9.2609272,1,0,0,0
0,9.4,73.7,1.986,77.65274811,-9.2609272,1,0,0,0
2.2,4.9,39.1,1.065,77.65274811,-9.2609272,1,0,0,0
2.8,9.4,71.3,1.915,77.65274811,-9.2609272,1,0,0,0
3,21.4,34.3,0.928,77.65274811,-9.2609272,1,0,0,0
6.2,28.9,29.2,0.797,77.65274811,-9.2609272,1,0,0,0
5.1,35.075,28.8,0.781,77.65274811,-9.2609272,1,0,0,0
6.2,39.2,26.9,0.735,77.65274811,-9.2609272,1,0,0,0
3.3,48.625,33.3,0.906,77.65274811,-9.2609272,1,0,0,0
2.7,56.2,48.1,1.292,77.65274811,-9.2609272,1,0,0,0
0.5,5.875,49,1.275,77.65274811,-9.2609272,1,0,0,0
0.4,8.9,58.8,1.554,77.65274811,-9.2609272,1,0,0,0
1.1,20.9,35.7,0.951,77.65274811,-9.2609272,1,0,0,0
5.5,35.425,21.2,0.589,77.65274811,-9.2609272,1,0,0,0
0.5,42.3,42.2,1.158,77.65274811,-9.2609272,1,0,0,0
0.9,49.4,36.2,0.949,77.65274811,-9.2609272,1,0,0,0
36.2,28.4,16.9,0.511,-122.4698563,-114.9771347,0,0,0,1
39.2,45.35,21.1,0.561,-122.4698563,-114.9771347,0,0,0,1
4.4,10.4,72.8,1.966,77.65274811,-9.2609272,1,0,0,0
4.2,15.4,63,1.728,77.65274811,-9.2609272,1,0,0,0
12.4,28.675,24.7,0.687,77.65274811,-9.2609272,1,0,0,0
27,42.1,23.5,0.651,77.65274811,-9.2609272,1,0,0,0
2.2,47.4,30.7,0.87,77.65274811,-9.2609272,1,0,0,0
3.6,19.075,75.4,2.015,77.65274811,-9.2609272,1,0,0,0
0.6,4.9,58.7,1.459,30.23841476,-162.0327454,1,0,0,0
2.1,10.9,84.1,2.098,30.23841476,-162.0327454,1,0,0,0
1.6,14.3,63.3,1.642,30.23841476,-162.0327454,1,0,0,0
6.2,19.775,35.8,0.945,30.23841476,-162.0327454,1,0,0,0
10.3,7.25,31.8,0.85,77.65274811,-9.2609272,1,0,0,0
2.12,12.55,76.1,2.03,77.65274811,-9.2609272,1,0,0,0
4.4,3.85,31.4,0.842,-122.4698563,-114.9771347,1,0,0,0
2.6,8.05,81.8,2.201,30.23841476,-162.0327454,1,0,0,0
2,13,63,1.711,30.23841476,-162.0327454,1,0,0,0
3.8,19.9,32.5,0.882,30.23841476,-162.0327454,1,0,0,0
2.3,25.85,55.7,1.506,30.23841476,-162.0327454,1,0,0,0
0.5,2.9,147.3,3.457,30.23841476,-162.0327454,1,0,0,0
0.3,8.4,95.1,2.388,30.23841476,-162.0327454,1,0,0,0
1.5,12.8,67.7,1.774,30.23841476,-162.0327454,1,0,0,0
1.6,25.05,66.7,1.748,30.23841476,-162.0327454,1,0,0,0
1.6,26,63.7,1.731,30.23841476,-162.0327454,1,0,0,0
5.4,28.95,36.8,1.023,30.23841476,-162.0327454,1,0,0,0
0.5,3.95,51.7,1.352,30.23841476,-162.0327454,1,0,0,0
0.8,8.15,84.3,2.272,30.23841476,-162.0327454,1,0,0,0
1.3,12.95,70.3,1.886,30.23841476,-162.0327454,1,0,0,0
11.4,21.95,29.3,0.808,30.23841476,-162.0327454,1,0,0,0
3.6,26,65.5,1.786,30.23841476,-162.0327454,1,0,0,0
4.5,28.05,53.8,1.463,30.23841476,-162.0327454,1,0,0,0
0,9.4,79.6,2.112,77.65274811,-9.2609272,1,0,0,0
0,18.4,48.8,1.282,77.65274811,-9.2609272,1,0,0,0
0,27.6,54.9,1.469,77.65274811,-9.2609272,1,0,0,0
0,32.5,28.5,0.773,77.65274811,-9.2609272,1,0,0,0
0,44.375,45.8,1.232,77.65274811,-9.2609272,1,0,0,0
0,69.525,51.3,1.363,77.65274811,-9.2609272,1,0,0,0
0,77.36,65.3,1.753,77.65274811,-9.2609272,1,0,0,0
2,2.9,50.8,1.359,30.23841476,-162.0327454,1,0,0,0
3.4,8.95,79.7,2.126,30.23841476,-162.0327454,1,0,0,0
4.1,12.95,69.7,1.851,30.23841476,-162.0327454,1,0,0,0
6.1,18.9,43.8,1.17,30.23841476,-162.0327454,1,0,0,0
5.1,25.95,69.2,1.864,30.23841476,-162.0327454,1,0,0,0
4.4,28.75,49.8,1.356,30.23841476,-162.0327454,1,0,0,0
1.48,6.4,48.4,1.282,77.65274811,-9.2609272,1,0,0,0
1.33,10.4,87.7,2.313,77.65274811,-9.2609272,1,0,0,0
3.3,2.9,32.4,0.87,30.23841476,-162.0327454,1,0,0,0
2.5,8.95,56.1,1.484,30.23841476,-162.0327454,1,0,0,0
2.3,12.9,78.4,2.09,30.23841476,-162.0327454,1,0,0,0
3.58,6.4,39.5,1.054,77.65274811,-9.2609272,1,0,0,0
0.79,10.45,79.1,2.122,77.65274811,-9.2609272,1,0,0,0
19.5,8.45,80,2.099,77.65274811,-9.2609272,0,1,0,0
17,19.225,64.5,1.705,77.65274811,-9.2609272,0,1,0,0
13.5,25.15,80.9,2.121,77.65274811,-9.2609272,0,1,0,0
2.9,5.45,73.2,1.946,77.65274811,-9.2609272,1,0,0,0
2.03,35.3,66,1.763,77.65274811,-9.2609272,1,0,0,0
2.02,40.35,71.8,1.916,77.65274811,-9.2609272,1,0,0,0
2.12,14.3,80.2,2.142,77.65274811,-9.2609272,1,0,0,0
0,10.425,80.4,2.062,77.65274811,-9.2609272,1,0,0,0
0,12.425,76.9,1.986,77.65274811,-9.2609272,1,0,0,0
0,14.425,42.8,1.146,77.65274811,-9.2609272,1,0,0,0
4.78,6.9,68.1,1.917,77.65274811,-9.2609272,1,0,0,0
8.95,12.35,72,1.877,77.65274811,-9.2609272,1,0,0,0
8.74,22.35,61.8,1.686,77.65274811,-9.2609272,1,0,0,0
5.65,32.325,58.2,1.533,77.65274811,-9.2609272,1,0,0,0
2.08,25.1,51.3,1.373,77.65274811,-9.2609272,1,0,0,0
2.02,37.9,65.5,1.749,77.65274811,-9.2609272,1,0,0,0
8.45,7,58,1.931,77.65274811,-9.2609272,1,0,0,0
4.19,13.4,75,1.978,77.65274811,-9.2609272,1,0,0,0
14.1,23.4,61.3,1.649,77.65274811,-9.2609272,1,0,0,0
6.9,34.3,58.8,1.622,77.65274811,-9.2609272,1,0,0,0
1.1,28.035,53.2,1.472,77.65274811,-9.2609272,1,0,0,0
1.6,30.45,60.4,1.646,77.65274811,-9.2609272,1,0,0,0
0,4.05,72.8,2.049,77.65274811,-9.2609272,1,0,0,0
2.1,5.25,66,1.795,77.65274811,-9.2609272,1,0,0,0
0,8.125,87,2.322,77.65274811,-9.2609272,1,0,0,0
1.3,9.575,83.5,2.201,77.65274811,-9.2609272,1,0,0,0
0,7.025,66.3,1.736,77.65274811,-9.2609272,1,0,0,0
0,8.4,88.1,2.35,77.65274811,-9.2609272,1,0,0,0
0,9.725,92.5,2.382,77.65274811,-9.2609272,1,0,0,0
0,11.225,82.8,2.147,77.65274811,-9.2609272,1,0,0,0
31,17.2,62.4,1.623,77.65274811,-9.2609272,0,1,0,0
25,19.2,68.5,1.727,77.65274811,-9.2609272,0,1,0,0
1.46,4.5,96.7,1.969,77.65274811,-9.2609272,1,0,0,0
3.5,9.4,65.2,1.734,77.65274811,-9.2609272,1,0,0,0
2,4.15,103.8,2.749,77.65274811,-9.2609272,1,0,0,0
3,8.2,87.6,2.333,77.65274811,-9.2609272,1,0,0,0
0,3.17,71.2,1.82,77.65274811,-9.2609272,1,0,0,0
0,8.26,85.5,2.265,77.65274811,-9.2609272,1,0,0,0
0,11.05,36.3,0.979,77.65274811,-9.2609272,1,0,0,0
2.28,12.4,79.5,2.133,77.65274811,-9.2609272,1,0,0,0
0,43.675,58.6,1.573,77.65274811,-9.2609272,1,0,0,0
0,2.3,49.7,1.32,30.23841476,-162.0327454,1,0,0,0
0,7.45,89.4,2.36,30.23841476,-162.0327454,1,0,0,0
0.86,8.4,69.2,1.865,77.65274811,-9.2609272,1,0,0,0
0.71,10.4,83.7,2.239,77.65274811,-9.2609272,1,0,0,0
16,9.45,45.6,1.281,77.65274811,-9.2609272,0,1,0,0
22.8,13.3,62.4,1.678,77.65274811,-9.2609272,0,1,0,0
1.14,7.45,76.1,2.006,77.65274811,-9.2609272,1,0,0,0
0.6,10.45,73.9,1.967,77.65274811,-9.2609272,1,0,0,0
0.4,7.4,66.6,1.803,77.65274811,-9.2609272,1,0,0,0
3.23,9.4,97.5,1.506,77.65274811,-9.2609272,1,0,0,0
0.57,8.4,65.2,1.75,77.65274811,-9.2609272,1,0,0,0
1.36,10.4,72.6,1.964,77.65274811,-9.2609272,1,0,0,0
1.49,12.4,56.9,1.536,77.65274811,-9.2609272,1,0,0,0
0,11.375,47.1,1.276,77.65274811,-9.2609272,1,0,0,0
0,16.5,65.8,1.74,77.65274811,-9.2609272,1,0,0,0
0,47.675,63.4,1.683,77.65274811,-9.2609272,1,0,0,0
0,72.875,61.1,1.632,77.65274811,-9.2609272,1,0,0,0
1.32,8.45,71.2,1.932,77.65274811,-9.2609272,1,0,0,0
2.3,10.45,85.6,2.302,77.65274811,-9.2609272,1,0,0,0
5.3,5.775,35.9,0.955,77.65274811,-9.2609272,1,0,0,0
2,9.3,64.6,1.726,77.65274811,-9.2609272,1,0,0,0
0,4.25,59.5,1.924,77.65274811,-9.2609272,1,0,0,0
0,8.35,72.8,2.038,77.65274811,-9.2609272,1,0,0,0
2.2,31.4,50.4,1.378,77.65274811,-9.2609272,1,0,0,0
2.9,34.4,44.7,1.223,77.65274811,-9.2609272,1,0,0,0
0,31.015,52.3,1.398,77.65274811,-9.2609272,1,0,0,0
28.1,40.425,24.3,0.727,-122.4698563,-114.9771347,1,0,0,0
32.7,5.9,44.8,1.257,30.23841476,-162.0327454,0,0,0,1
38.8,9.95,31,0.931,-122.4698563,-114.9771347,0,0,0,1
0,20.475,67.9,1.877,77.65274811,-9.2609272,1,0,0,0
0,23.45,35.7,1.047,-122.4698563,-114.9771347,1,0,0,0
34.6,26.925,26.9,0.895,-122.4698563,-114.9771347,0,0,0,1
0,34.5,49.4,1.38,77.65274811,-9.2609272,1,0,0,0
5.3,6.45,63.1,1.706,77.65274811,-9.2609272,1,0,0,0
2.86,10.45,72.7,1.947,77.65274811,-9.2609272,1,0,0,0
3,2.1,64.6,1.733,77.65274811,-9.2609272,1,0,0,0
4,6.415,84.1,2.239,77.65274811,-9.2609272,1,0,0,0
0.5,17.45,69.3,1.823,77.65274811,-9.2609272,1,0,0,0
3,22.425,67.3,1.803,77.65274811,-9.2609272,1,0,0,0
0.33,27.45,55.7,1.449,77.65274811,-9.2609272,1,0,0,0
0.67,31.425,38.7,1.008,77.65274811,-9.2609272,1,0,0,0
3.83,39.4,49.4,1.29,77.65274811,-9.2609272,1,0,0,0
3.5,41.4,46.4,1.212,77.65274811,-9.2609272,1,0,0,0
0.83,46.39,29.5,0.786,77.65274811,-9.2609272,1,0,0,0
2.9,2.4,73.5,1.943,77.65274811,-9.2609272,1,0,0,0
3.4,6.4,85.5,2.247,77.65274811,-9.2609272,1,0,0,0
1.83,10.05,39.5,1.118,77.65274811,-9.2609272,1,0,0,0
3,17.4,72.4,1.954,77.65274811,-9.2609272,1,0,0,0
1.33,21.4,73.1,1.868,77.65274811,-9.2609272,1,0,0,0
3.67,27.4,56,1.453,77.65274811,-9.2609272,1,0,0,0
1.5,31.325,27.4,0.754,77.65274811,-9.2609272,1,0,0,0
4,39.4,51.6,1.341,77.65274811,-9.2609272,1,0,0,0
1,41.4,44.8,1.207,77.65274811,-9.2609272,1,0,0,0
2.5,4.2,96.7,2.567,77.65274811,-9.2609272,1,0,0,0
2.7,8.3,75.8,2.018,77.65274811,-9.2609272,1,0,0,0
3,2.4,74.5,1.969,77.65274811,-9.2609272,1,0,0,0
3.5,6.4,87.4,2.293,77.65274811,-9.2609272,1,0,0,0
1.5,10.75,40.1,1.04,77.65274811,-9.2609272,1,0,0,0
1.17,17.425,63.4,1.726,77.65274811,-9.2609272,1,0,0,0
0.33,21.4,67.7,1.79,77.65274811,-9.2609272,1,0,0,0
1.33,26.4,60.3,1.566,77.65274811,-9.2609272,1,0,0,0
2.17,39.425,46.7,1.221,77.65274811,-9.2609272,1,0,0,0
2.5,41.45,47.4,1.234,77.65274811,-9.2609272,1,0,0,0
0.83,45.95,30.3,0.801,77.65274811,-9.2609272,1,0,0,0
1.71,5.45,58,1.589,77.65274811,-9.2609272,1,0,0,0
1.63,10.45,80.4,2.133,77.65274811,-9.2609272,1,0,0,0
0,35.35,45,1.218,77.65274811,-9.2609272,1,0,0,0
0,4.3,85.8,2.232,30.23841476,-162.0327454,1,0,0,0
5.07,10.2,79.5,2.126,77.65274811,-9.2609272,1,0,0,0
8.25,14.5,35,0.967,77.65274811,-9.2609272,1,0,0,0
10.3,32.525,60.7,1.645,77.65274811,-9.2609272,1,0,0,0
11.6,35.425,65.3,1.733,77.65274811,-9.2609272,1,0,0,0
11.1,8.875,34.3,0.92,77.65274811,-9.2609272,1,0,0,0
4,5.35,64.3,1.717,30.23841476,-162.0327454,1,0,0,0
1.5,3.35,80.8,1.963,77.65274811,-9.2609272,1,0,0,0
2,9.35,38.3,1.075,-122.4698563,-114.9771347,1,0,0,0
0,4.4,52.8,1.506,77.65274811,-9.2609272,1,0,0,0
3.25,9.3,76,2.007,77.65274811,-9.2609272,1,0,0,0
0,14,56.3,1.516,77.65274811,-9.2609272,1,0,0,0
4,17.15,49.7,1.305,30.23841476,-162.0327454,1,0,0,0
1.34,32.4,67.5,1.791,30.23841476,-162.0327454,1,0,0,0
5.71,35.675,68.6,1.863,77.65274811,-9.2609272,1,0,0,0
3,4.1,67.8,1.8,77.65274811,-9.2609272,1,0,0,0
2.9,8.9,81.2,2.162,77.65274811,-9.2609272,1,0,0,0
2.2,33.45,44.4,1.236,77.65274811,-9.2609272,1,0,0,0
7.5,37.35,54.7,1.506,77.65274811,-9.2609272,1,0,0,0
4.1,53.425,62.1,1.694,77.65274811,-9.2609272,1,0,0,0
0,3.3,75.5,2.133,77.65274811,-9.2609272,1,0,0,0
0,11.95,82.4,2.267,77.65274811,-9.2609272,1,0,0,0
0,24.9,66.3,1.924,77.65274811,-9.2609272,1,0,0,0
0,31.8,53.2,1.422,77.65274811,-9.2609272,1,0,0,0
0,48.8,36.8,1.175,77.65274811,-9.2609272,1,0,0,0
0.3,2.425,70.9,1.797,77.65274811,-9.2609272,1,0,0,0
2.1,12.4,74.1,2.005,77.65274811,-9.2609272,1,0,0,0
2.3,24.35,62.2,1.729,77.65274811,-9.2609272,1,0,0,0
2,32.3,47,1.295,77.65274811,-9.2609272,1,0,0,0
2.8,41.2,31.9,0.9,77.65274811,-9.2609272,1,0,0,0
2.6,48.5,35.7,1.006,77.65274811,-9.2609272,1,0,0,0
0,3.35,113.1,3.036,77.65274811,-9.2609272,1,0,0,0
0,13.45,68.8,2.015,77.65274811,-9.2609272,1,0,0,0
0,24.8,61.1,1.639,77.65274811,-9.2609272,1,0,0,0
0,32.4,60.7,1.772,77.65274811,-9.2609272,1,0,0,0
0,49.3,43.2,1.244,77.65274811,-9.2609272,1,0,0,0
0,3.425,109.1,2.86,77.65274811,-9.2609272,1,0,0,0
0,10.425,83,2.199,30.23841476,-162.0327454,1,0,0,0
0,25.375,62.3,1.652,77.65274811,-9.2609272,1,0,0,0
0,31.375,55.9,1.489,77.65274811,-9.2609272,1,0,0,0
0,49,34.3,0.917,77.65274811,-9.2609272,1,0,0,0
11,5.45,81.3,2.11,77.65274811,-9.2609272,0,1,0,0
13.5,11.45,50.7,1.4,77.65274811,-9.2609272,0,1,0,0
9.5,14.45,57.6,1.561,77.65274811,-9.2609272,0,1,0,0
3.6,3.95,54.5,1.454,77.65274811,-9.2609272,1,0,0,0
2.5,8.2,80.6,2.147,77.65274811,-9.2609272,1,0,0,0
15.3,5.45,69.3,1.812,77.65274811,-9.2609272,0,1,0,0
1.4,3.955,64.7,1.701,77.65274811,-9.2609272,1,0,0,0
1.2,9.215,82.9,2.206,77.65274811,-9.2609272,1,0,0,0
1.3,23.405,59.5,1.651,77.65274811,-9.2609272,1,0,0,0
2.6,31.915,55.4,1.502,77.65274811,-9.2609272,1,0,0,0
2.7,41.105,29.6,0.801,77.65274811,-9.2609272,1,0,0,0
0,19.4,66.5,1.731,77.65274811,-9.2609272,1,0,0,0
0,21.4,66.7,1.769,77.65274811,-9.2609272,1,0,0,0
0,38.35,38.8,1.084,77.65274811,-9.2609272,1,0,0,0
0,42.4,45.7,1.17,77.65274811,-9.2609272,1,0,0,0
4.3,7,60.5,1.617,77.65274811,-9.2609272,1,0,0,0
4.1,15.35,59.5,1.586,77.65274811,-9.2609272,1,0,0,0
7.1,2.35,47.7,1.275,77.65274811,-9.2609272,1,0,0,0
8.2,5.425,39.7,1.07,30.23841476,-162.0327454,1,0,0,0
3.5,9,35.4,0.945,77.65274811,-9.2609272,1,0,0,0
2.9,14.35,54.8,1.458,77.65274811,-9.2609272,1,0,0,0
3,17.35,75.6,2.017,77.65274811,-9.2609272,1,0,0,0
10.6,22.3,26.6,0.723,30.23841476,-162.0327454,1,0,0,0
0,3.35,39.4,1.079,-122.4698563,-114.9771347,1,0,0,0
0,6.35,71.3,1.89,30.23841476,-162.0327454,1,0,0,0
0,19.35,57,1.531,30.23841476,-162.0327454,1,0,0,0
2.5,17.4,69.6,1.906,77.65274811,-9.2609272,1,0,0,0
3.2,22.4,64.6,1.774,77.65274811,-9.2609272,1,0,0,0
0,6.45,45.1,1.236,30.23841476,-162.0327454,1,0,0,0
2.6,8.5,64.5,1.718,77.65274811,-9.2609272,1,0,0,0
2.9,12.8,44.3,1.183,77.65274811,-9.2609272,1,0,0,0
3.8,4.9,55.8,1.49,77.65274811,-9.2609272,1,0,0,0
4,7.425,49,1.311,77.65274811,-9.2609272,1,0,0,0
3.7,10.7,44.6,1.189,77.65274811,-9.2609272,1,0,0,0
2.6,12.3,64.6,1.722,77.65274811,-9.2609272,1,0,0,0
2.8,18.4,70.2,1.873,77.65274811,-9.2609272,1,0,0,0
2.9,21.425,78,2.082,77.65274811,-9.2609272,1,0,0,0
0,3.425,107.5,2.574,77.65274811,-9.2609272,1,0,0,0
0,7.425,75.8,1.973,30.23841476,-162.0327454,1,0,0,0
0,3.25,87.7,2.323,77.65274811,-9.2609272,1,0,0,0
0,8.5,84.8,2.405,77.65274811,-9.2609272,1,0,0,0
0,34.6,47.3,1.283,77.65274811,-9.2609272,1,0,0,0
0,51.95,52.8,1.448,77.65274811,-9.2609272,1,0,0,0
0,9.425,74,1.946,77.65274811,-9.2609272,1,0,0,0
0,10.425,80.2,2.11,77.65274811,-9.2609272,1,0,0,0
0,12.5,64,1.638,77.65274811,-9.2609272,1,0,0,0
0,3.525,57.3,1.511,30.23841476,-162.0327454,1,0,0,0
4,8.6,90.4,2.464,77.65274811,-9.2609272,1,0,0,0
2.5,3.5,73.6,1.96,77.65274811,-9.2609272,1,0,0,0
2.7,7.5,64.1,1.716,77.65274811,-9.2609272,1,0,0,0
0,8.9,66.9,1.794,77.65274811,-9.2609272,1,0,0,0
0,10.45,80.5,2.171,77.65274811,-9.2609272,1,0,0,0
0,11.9,78.8,2.169,77.65274811,-9.2609272,1,0,0,0
1.2,8.95,80.6,2.185,77.65274811,-9.2609272,1,0,0,0
0,10.4,82.9,2.241,77.65274811,-9.2609272,1,0,0,0
0,9.925,84.8,2.147,77.65274811,-9.2609272,1,0,0,0
0,11.425,86.5,2.233,77.65274811,-9.2609272,1,0,0,0
0,12.85,74,1.877,77.65274811,-9.2609272,1,0,0,0
1.4,14.875,38,0.972,77.65274811,-9.2609272,1,0,0,0
0,2.4,70.3,1.818,30.23841476,-162.0327454,1,0,0,0
0,6.85,79.2,2.093,30.23841476,-162.0327454,1,0,0,0
0,14.2,30,0.829,30.23841476,-162.0327454,1,0,0,0
0,17.2,52.3,1.376,30.23841476,-162.0327454,1,0,0,0
0,15.375,42.5,1.171,77.65274811,-9.2609272,1,0,0,0
3.3,24.375,43.3,1.179,77.65274811,-9.2609272,1,0,0,0
0,2.35,68.1,1.761,77.65274811,-9.2609272,1,0,0,0
0,5.9,93.8,2.334,77.65274811,-9.2609272,1,0,0,0
0,22.55,65.5,1.755,77.65274811,-9.2609272,1,0,0,0
0,35.085,52.2,1.436,77.65274811,-9.2609272,1,0,0,0
0,53.8,53.6,1.453,77.65274811,-9.2609272,1,0,0,0
0,21.4,58.6,1.532,77.65274811,-9.2609272,1,0,0,0
0,27.4,59.1,1.628,77.65274811,-9.2609272,1,0,0,0
0,4.4,53.2,1.394,30.23841476,-162.0327454,1,0,0,0
0,5.4,60.5,1.688,77.65274811,-9.2609272,1,0,0,0
3.2,2.4,61.1,1.63,77.65274811,-9.2609272,1,0,0,0
2.9,7.425,76.9,2.052,77.65274811,-9.2609272,1,0,0,0
4.1,17.85,33.8,0.91,77.65274811,-9.2609272,1,0,0,0
0,14.3,61,1.66,77.65274811,-9.2609272,1,0,0,0
0,18.39,68.2,1.82,77.65274811,-9.2609272,1,0,0,0
0,22.4,65.7,1.77,77.65274811,-9.2609272,1,0,0,0
0,5.4,51.6,1.346,77.65274811,-9.2609272,1,0,0,0
0,12.4,80.4,2.142,77.65274811,-9.2609272,1,0,0,0
0,27.325,51.2,1.401,77.65274811,-9.2609272,1,0,0,0
0,43.9,26.7,0.736,77.65274811,-9.2609272,1,0,0,0
0,53.9,40,1.114,77.65274811,-9.2609272,1,0,0,0
0,80.4,47.6,1.265,30.23841476,-162.0327454,1,0,0,0
1,4.95,47.7,1.325,77.65274811,-9.2609272,1,0,0,0
0,6.45,78.4,2.078,77.65274811,-9.2609272,1,0,0,0
0,2.225,62.2,1.652,77.65274811,-9.2609272,1,0,0,0
0,5.5,59.8,1.612,77.65274811,-9.2609272,1,0,0,0
2.6,12.65,35.3,0.951,77.65274811,-9.2609272,1,0,0,0
1.4,3.375,52,1.381,77.65274811,-9.2609272,1,0,0,0
1.6,11.1,74.9,1.992,77.65274811,-9.2609272,1,0,0,0
1.5,29,55.3,1.513,77.65274811,-9.2609272,1,0,0,0
1.9,36,41.2,1.066,77.65274811,-9.2609272,1,0,0,0
2.7,45.8,24.6,0.643,77.65274811,-9.2609272,1,0,0,0
0,2.275,72.7,1.874,30.23841476,-162.0327454,1,0,0,0
0,4.25,42.6,1.143,30.23841476,-162.0327454,1,0,0,0
3.6,25.3,33.5,0.933,77.65274811,-9.2609272,1,0,0,0
0.9,33.4,67.4,1.829,77.65274811,-9.2609272,1,0,0,0
0,4.125,58,1.511,77.65274811,-9.2609272,1,0,0,0
0,7.125,70,1.904,77.65274811,-9.2609272,1,0,0,0
2,4.325,70.1,1.871,77.65274811,-9.2609272,1,0,0,0
2.8,5.35,59.8,1.593,77.65274811,-9.2609272,1,0,0,0
2.6,2.4,66.3,1.768,77.65274811,-9.2609272,1,0,0,0
3.3,7.4,45.7,1.217,77.65274811,-9.2609272,1,0,0,0
10,10.3,29.9,0.857,77.65274811,-9.2609272,1,0,0,0
1.9,3.8,35.1,0.956,77.65274811,-9.2609272,1,0,0,0
5.4,13,28.9,0.775,-122.4698563,-114.9771347,1,0,0,0
3,29.4,61.4,1.677,77.65274811,-9.2609272,1,0,0,0
1.6,35.9,55.3,1.467,77.65274811,-9.2609272,1,0,0,0
3.4,44.6,27.4,0.723,77.65274811,-9.2609272,1,0,0,0
0,9.4,91.2,2.397,77.65274811,-9.2609272,1,0,0,0
0,12.4,73.9,1.96,77.65274811,-9.2609272,1,0,0,0
0,15.4,54.8,1.383,77.65274811,-9.2609272,1,0,0,0
0,2.3,70,1.719,30.23841476,-162.0327454,1,0,0,0
0,4.325,50.9,1.333,30.23841476,-162.0327454,1,0,0,0
1.3,32.4,61.3,1.674,77.65274811,-9.2609272,1,0,0,0
2.8,1.975,80.4,2.137,77.65274811,-9.2609272,1,0,0,0
4,6.4,71.9,1.913,77.65274811,-9.2609272,1,0,0,0
0,4.15,84.6,2.205,77.65274811,-9.2609272,1,0,0,0
1,7.925,73.1,2.014,77.65274811,-9.2609272,1,0,0,0
0,26.875,36.7,1.001,77.65274811,-9.2609272,1,0,0,0
0.7,32.375,56.8,1.549,77.65274811,-9.2609272,1,0,0,0
1.77,2.05,53,1.386,30.23841476,-162.0327454,1,0,0,0
0.62,4,77.9,1.963,30.23841476,-162.0327454,1,0,0,0
2.9,5.85,68.7,1.842,30.23841476,-162.0327454,1,0,0,0
3.1,8.425,66.1,1.77,77.65274811,-9.2609272,1,0,0,0
2.6,10.675,85.6,2.285,77.65274811,-9.2609272,1,0,0,0
2.7,12.9,71.7,1.912,77.65274811,-9.2609272,1,0,0,0
2.7,15.925,57.6,1.537,77.65274811,-9.2609272,1,0,0,0
2.5,26.425,53.1,1.423,77.65274811,-9.2609272,1,0,0,0
2.5,28.675,62.1,1.665,77.65274811,-9.2609272,1,0,0,0
2.2,32.425,59.7,1.6,77.65274811,-9.2609272,1,0,0,0
2.6,35.425,52.9,1.415,77.65274811,-9.2609272,1,0,0,0
16,8.325,84.1,2.215,77.65274811,-9.2609272,0,1,0,0
16.8,10.425,68.4,1.619,77.65274811,-9.2609272,0,1,0,0
6,26.2,65,1.734,77.65274811,-9.2609272,1,0,0,0
2.7,21.7,71.9,1.92,77.65274811,-9.2609272,1,0,0,0
0,3.2,52.4,1.391,30.23841476,-162.0327454,1,0,0,0
0,4.775,29.1,0.774,-122.4698563,-114.9771347,1,0,0,0
2.7,4.1,65.9,1.761,77.65274811,-9.2609272,1,0,0,0
2.6,4.85,101.4,2.702,77.65274811,-9.2609272,1,0,0,0
0,3.75,62.2,1.386,77.65274811,-9.2609272,1,0,0,0
0,9,66.6,1.763,77.65274811,-9.2609272,1,0,0,0
0,11.1,73.6,2.06,77.65274811,-9.2609272,1,0,0,0
0,23.425,39.1,1.091,77.65274811,-9.2609272,1,0,0,0
0,34.125,64,1.71,77.65274811,-9.2609272,1,0,0,0
0,41.55,31,0.863,77.65274811,-9.2609272,1,0,0,0
0,43.45,30.2,0.822,77.65274811,-9.2609272,1,0,0,0
0,5.375,84.8,2.272,77.65274811,-9.2609272,1,0,0,0
0,8.025,62.6,1.709,77.65274811,-9.2609272,1,0,0,0
6.68,28.875,61.4,1.644,77.65274811,-9.2609272,1,0,0,0
8.07,32.625,70,1.838,77.65274811,-9.2609272,1,0,0,0
6.34,37.125,52.2,1.359,77.65274811,-9.2609272,1,0,0,0
0,3.275,82.1,2.23,77.65274811,-9.2609272,1,0,0,0
0,7.875,88.4,2.334,77.65274811,-9.2609272,1,0,0,0
23.7,4.4,41.6,1.12,77.65274811,-9.2609272,0,1,0,0
0,6.4,62.8,1.672,77.65274811,-9.2609272,1,0,0,0
0,10.4,91.8,2.445,77.65274811,-9.2609272,1,0,0,0
0,13.4,64.1,1.722,77.65274811,-9.2609272,1,0,0,0
0,29.4,62.7,1.695,77.65274811,-9.2609272,1,0,0,0
0,34.4,63.8,1.705,77.65274811,-9.2609272,1,0,0,0
0,37.4,39.6,1.077,77.65274811,-9.2609272,1,0,0,0
0,56.4,39.9,1.066,77.65274811,-9.2609272,1,0,0,0
0,59.4,45.5,1.219,77.65274811,-9.2609272,1,0,0,0
0,61.2,25.8,0.694,77.65274811,-9.2609272,1,0,0,0
28.3,1.75,38.5,1,-122.4698563,-114.9771347,0,1,0,0
7.71,29.375,62.9,1.708,77.65274811,-9.2609272,1,0,0,0
8.35,32.375,65.7,1.766,77.65274811,-9.2609272,1,0,0,0
13.2,37.875,48.4,1.28,77.65274811,-9.2609272,1,0,0,0
8.71,29.4,58.3,1.466,77.65274811,-9.2609272,1,0,0,0
5.82,33.4,66.2,1.828,77.65274811,-9.2609272,1,0,0,0
7.9,35.4,61.2,1.595,77.65274811,-9.2609272,1,0,0,0
8.87,37.45,60,1.485,77.65274811,-9.2609272,1,0,0,0
10.8,30.375,61.6,1.608,77.65274811,-9.2609272,1,0,0,0
9.39,34.125,70.7,1.889,77.65274811,-9.2609272,1,0,0,0
2.99,37.875,55.7,1.456,77.65274811,-9.2609272,1,0,0,0
0,7.4,68.6,1.795,77.65274811,-9.2609272,1,0,0,0
0,10.4,88.7,2.322,77.65274811,-9.2609272,1,0,0,0
0,13.9,48.4,1.326,77.65274811,-9.2609272,1,0,0,0
0,30.4,70.6,2.035,77.65274811,-9.2609272,1,0,0,0
0,34.4,66.9,1.84,77.65274811,-9.2609272,1,0,0,0
0,37.4,61,1.679,77.65274811,-9.2609272,1,0,0,0
0,57.4,39.6,1.095,77.65274811,-9.2609272,1,0,0,0
0,59.35,41.7,1.139,77.65274811,-9.2609272,1,0,0,0
3,2.25,44.5,1.192,77.65274811,-9.2609272,1,0,0,0
2.9,8.375,85.8,2.29,77.65274811,-9.2609272,1,0,0,0
0,7.95,79.3,2.168,77.65274811,-9.2609272,1,0,0,0
0,10.2,86.7,2.342,77.65274811,-9.2609272,1,0,0,0
0,3.4,46.4,1.25,77.65274811,-9.2609272,1,0,0,0
0,8.55,86.9,2.368,77.65274811,-9.2609272,1,0,0,0
0,7.9,63.4,1.743,77.65274811,-9.2609272,1,0,0,0
0,10.125,85.1,2.293,77.65274811,-9.2609272,1,0,0,0
0,3.975,60.3,1.612,30.23841476,-162.0327454,1,0,0,0
0,7.875,83.3,2.301,77.65274811,-9.2609272,1,0,0,0
1,6.9,54.8,1.362,77.65274811,-9.2609272,1,0,0,0
5,9.125,31.1,0.865,-122.4698563,-114.9771347,1,0,0,0
2.9,3.375,40.9,1.096,77.65274811,-9.2609272,1,0,0,0
2.5,5.8,99.8,2.667,77.65274811,-9.2609272,1,0,0,0
0,1.94,31.2,0.83,77.65274811,-9.2609272,1,0,0,0
0,8.35,81.8,2.173,77.65274811,-9.2609272,1,0,0,0
2.7,2.4,70.9,1.894,77.65274811,-9.2609272,1,0,0,0
2.5,8.4,93.6,2.493,77.65274811,-9.2609272,1,0,0,0
2.3,2.35,71,1.891,77.65274811,-9.2609272,1,0,0,0
2.2,8.35,67.3,1.791,77.65274811,-9.2609272,1,0,0,0
2.3,12.35,52.9,1.414,77.65274811,-9.2609272,1,0,0,0
0,3.2,70.4,1.78,30.23841476,-162.0327454,1,0,0,0
0,7.65,57.9,1.485,77.65274811,-9.2609272,1,0,0,0
0,5.55,41.1,1.272,77.65274811,-9.2609272,1,0,0,0
0,8.475,69.6,1.934,77.65274811,-9.2609272,1,0,0,0
0,3.375,52.7,1.489,30.23841476,-162.0327454,1,0,0,0
0,9.475,75.1,2.051,77.65274811,-9.2609272,1,0,0,0
0,2.95,50.9,1.513,77.65274811,-9.2609272,1,0,0,0
1,7.025,67.7,1.782,77.65274811,-9.2609272,1,0,0,0
0,2.45,72.7,1.879,77.65274811,-9.2609272,1,0,0,0
0,7.175,73,1.97,77.65274811,-9.2609272,1,0,0,0
0,4.45,48.7,1.286,77.65274811,-9.2609272,1,0,0,0
0,17.35,28.1,0.776,77.65274811,-9.2609272,1,0,0,0
0,30.35,51.4,1.368,77.65274811,-9.2609272,1,0,0,0
0,39.35,57.8,1.565,77.65274811,-9.2609272,1,0,0,0
0,61.35,37.4,0.998,77.65274811,-9.2609272,1,0,0,0
0,74.35,36.3,0.982,77.65274811,-9.2609272,1,0,0,0
0,2.175,70.9,1.905,77.65274811,-9.2609272,1,0,0,0
0,8.4,87.9,2.425,77.65274811,-9.2609272,1,0,0,0
0,13.425,41.8,1.184,77.65274811,-9.2609272,1,0,0,0
0,21.6,49.6,1.361,77.65274811,-9.2609272,1,0,0,0
0,25,54.9,1.532,77.65274811,-9.2609272,1,0,0,0
0,29,62.1,1.739,77.65274811,-9.2609272,1,0,0,0
7.4,4.35,40,1.09,30.23841476,-162.0327454,1,0,0,0
6.9,5.9,43.3,1.181,30.23841476,-162.0327454,1,0,0,0
0,2.4,58.9,1.57,77.65274811,-9.2609272,1,0,0,0
0,8.425,88.3,2.443,77.65274811,-9.2609272,1,0,0,0
0,12.825,27.4,0.766,-122.4698563,-114.9771347,1,0,0,0
0,15.55,42.7,1.222,77.65274811,-9.2609272,1,0,0,0
0,21.45,45.1,1.259,77.65274811,-9.2609272,1,0,0,0
0,25.05,60.5,1.663,77.65274811,-9.2609272,1,0,0,0
0,29.05,64,1.814,77.65274811,-9.2609272,1,0,0,0
16.3,10.325,76.6,2.069,77.65274811,-9.2609272,0,1,0,0
14.5,11.35,82.1,2.135,77.65274811,-9.2609272,0,1,0,0
5.75,25.225,48.2,1.258,77.65274811,-9.2609272,1,0,0,0
11,28.225,61.4,1.602,77.65274811,-9.2609272,1,0,0,0
5.75,30.225,67.8,1.793,77.65274811,-9.2609272,1,0,0,0
2,32.225,54.6,1.477,77.65274811,-9.2609272,1,0,0,0
4.75,33.225,59.5,1.553,77.65274811,-9.2609272,1,0,0,0
3.4,2.35,58.4,1.555,77.65274811,-9.2609272,1,0,0,0
2.4,8.4,39.6,1.05,77.65274811,-9.2609272,1,0,0,0
2.4,11.35,35.9,0.957,77.65274811,-9.2609272,1,0,0,0
0,3.25,40.5,1.073,-122.4698563,-114.9771347,1,0,0,0
0,2.9,81.6,2.151,77.65274811,-9.2609272,1,0,0,0
0,7.9,39,1.13,77.65274811,-9.2609272,1,0,0,0
14.8,12.9,39,1.13,77.65274811,-9.2609272,1,0,0,0
0,13.625,29.9,0.866,77.65274811,-9.2609272,1,0,0,0
0,22.9,51.6,1.445,77.65274811,-9.2609272,1,0,0,0
0,25.4,58.7,1.656,77.65274811,-9.2609272,1,0,0,0
0,29.45,69.1,1.928,77.65274811,-9.2609272,1,0,0,0
2.7,5.35,92.6,2.467,77.65274811,-9.2609272,1,0,0,0
2,8.4,84.2,2.249,77.65274811,-9.2609272,1,0,0,0
0,3.35,118.3,2.897,77.65274811,-9.2609272,1,0,0,0
0,9.4,76.3,2.026,77.65274811,-9.2609272,1,0,0,0
0,13.05,35.7,1.007,77.65274811,-9.2609272,1,0,0,0
0,19.275,44.3,0.987,77.65274811,-9.2609272,1,0,0,0
0,23.3,54,1.39,77.65274811,-9.2609272,1,0,0,0
0,55.45,44.9,1.191,77.65274811,-9.2609272,1,0,0,0
0,3.075,80,2.008,30.23841476,-162.0327454,1,0,0,0
0,6.425,59.9,1.594,30.23841476,-162.0327454,1,0,0,0
0,12.4,92.3,2.501,30.23841476,-162.0327454,1,0,0,0
0,2.975,55.5,1.491,30.23841476,-162.0327454,1,0,0,0
0,7.3,86.5,2.273,30.23841476,-162.0327454,1,0,0,0
0,2.925,85.9,2.125,30.23841476,-162.0327454,1,0,0,0
2.2,3.375,86,2.279,77.65274811,-9.2609272,1,0,0,0
2.4,8.4,83.6,2.225,77.65274811,-9.2609272,1,0,0,0
0,3.43,104.6,2.665,30.23841476,-162.0327454,1,0,0,0
0,9.25,95.2,2.506,30.23841476,-162.0327454,1,0,0,0
0,4.95,83.7,2.119,77.65274811,-9.2609272,1,0,0,0
0,2.9,46.3,1.22,30.23841476,-162.0327454,1,0,0,0
0,8.1,85,2.245,30.23841476,-162.0327454,1,0,0,0
16,2.65,32.6,0.842,77.65274811,-9.2609272,1,0,0,0
0,4.4,78.8,2.055,30.23841476,-162.0327454,1,0,0,0
0,8.425,78.9,2.122,77.65274811,-9.2609272,1,0,0,0
0,10.325,83.4,2.259,77.65274811,-9.2609272,1,0,0,0
0.5,12.35,75.4,2.053,77.65274811,-9.2609272,1,0,0,0
15.3,8.4,88.9,2.341,77.65274811,-9.2609272,0,1,0,0
17.8,11.325,83.3,2.218,77.65274811,-9.2609272,0,1,0,0
0,4,59.7,1.638,30.23841476,-162.0327454,1,0,0,0
0,10.025,63.8,1.756,77.65274811,-9.2609272,1,0,0,0
2.7,2.35,51.6,1.381,77.65274811,-9.2609272,1,0,0,0
3.3,6.4,58.1,1.553,77.65274811,-9.2609272,1,0,0,0
0,4.85,69.9,1.892,30.23841476,-162.0327454,1,0,0,0
2,10.125,90,2.503,77.65274811,-9.2609272,1,0,0,0
0,4.8,64.1,1.681,30.23841476,-162.0327454,1,0,0,0
3,8.5,74.4,2.058,77.65274811,-9.2609272,1,0,0,0
0,7.75,83.9,2.294,77.65274811,-9.2609272,1,0,0,0
2.2,2.35,66,1.761,77.65274811,-9.2609272,1,0,0,0
3,6.4,64,1.708,77.65274811,-9.2609272,1,0,0,0
9.8,4.25,33.1,0.905,30.23841476,-162.0327454,1,0,0,0
5.9,5.3,65,1.734,77.65274811,-9.2609272,1,0,0,0
3,2.85,70.5,1.886,77.65274811,-9.2609272,1,0,0,0
3.6,5.35,65.2,1.741,77.65274811,-9.2609272,1,0,0,0
4,4.1,46.2,1.391,30.23841476,-162.0327454,1,0,0,0
1,6.35,61.8,1.651,30.23841476,-162.0327454,1,0,0,0
3,4.95,54.4,1.408,30.23841476,-162.0327454,1,0,0,0
1,8.55,85.2,2.276,77.65274811,-9.2609272,1,0,0,0
0,5.4,57.4,1.559,77.65274811,-9.2609272,1,0,0,0
0,7.425,59.7,1.613,77.65274811,-9.2609272,1,0,0,0
0,9.425,89,2.377,77.65274811,-9.2609272,1,0,0,0
0,12.4,94.3,2.507,77.65274811,-9.2609272,1,0,0,0
2.8,4.3,63.4,1.692,77.65274811,-9.2609272,1,0,0,0
3.5,7.3,48.4,1.297,77.65274811,-9.2609272,1,0,0,0
7.5,11.35,44.2,1.189,30.23841476,-162.0327454,1,0,0,0
0,5.4,58.5,1.584,77.65274811,-9.2609272,1,0,0,0
0,7.435,79.4,2.124,77.65274811,-9.2609272,1,0,0,0
0,9.44,97.3,2.691,30.23841476,-162.0327454,1,0,0,0
0,13.44,61.5,1.67,77.65274811,-9.2609272,1,0,0,0
2.5,2.4,52.5,1.398,77.65274811,-9.2609272,1,0,0,0
2.9,7.4,83.7,2.224,77.65274811,-9.2609272,1,0,0,0
2.2,10.35,81.6,2.17,77.65274811,-9.2609272,1,0,0,0
3.5,3.9,54.8,1.46,77.65274811,-9.2609272,1,0,0,0
2,8.3,81.1,2.155,77.65274811,-9.2609272,1,0,0,0
2.2,12.3,57.3,1.523,77.65274811,-9.2609272,1,0,0,0
0,6.44,58.6,1.544,77.65274811,-9.2609272,1,0,0,0
0,8.44,90.4,2.388,77.65274811,-9.2609272,1,0,0,0
0,11.425,84.1,2.29,30.23841476,-162.0327454,1,0,0,0
0,14.435,61.2,1.563,77.65274811,-9.2609272,1,0,0,0
2.8,2.9,57.9,1.555,77.65274811,-9.2609272,1,0,0,0
2.7,8.4,102.3,2.736,77.65274811,-9.2609272,1,0,0,0
2.7,13.4,77.7,2.079,77.65274811,-9.2609272,1,0,0,0
2,18.1,211.7,5.353,77.65274811,-9.2609272,1,0,0,0
5,23.75,34.8,0.944,77.65274811,-9.2609272,1,0,0,0
3.3,27.25,32.2,0.871,77.65274811,-9.2609272,1,0,0,0
2.7,34.35,51.9,1.397,77.65274811,-9.2609272,1,0,0,0
2.4,38.325,58.9,1.581,77.65274811,-9.2609272,1,0,0,0
3.38,5.1,37.4,0.997,30.23841476,-162.0327454,1,0,0,0
3.39,6.75,46.1,1.193,30.23841476,-162.0327454,1,0,0,0
0,3.3,69.7,1.85,30.23841476,-162.0327454,1,0,0,0
0,10.15,80.9,2.183,77.65274811,-9.2609272,1,0,0,0
0,2.5,80.7,2.121,77.65274811,-9.2609272,1,0,0,0
0,7.425,64.5,1.798,77.65274811,-9.2609272,1,0,0,0
0,12.425,78.2,2.188,77.65274811,-9.2609272,1,0,0,0
0,17.425,48.4,1.33,77.65274811,-9.2609272,1,0,0,0
0,22.5,35.8,1.023,77.65274811,-9.2609272,1,0,0,0
0,28.5,38.8,1.085,77.65274811,-9.2609272,1,0,0,0
0,34.5,46.7,1.274,77.65274811,-9.2609272,1,0,0,0
0,38.5,60.5,1.662,77.65274811,-9.2609272,1,0,0,0
2.2,6.4,69.2,1.844,77.65274811,-9.2609272,1,0,0,0
10.7,7.35,37.5,1.012,30.23841476,-162.0327454,1,0,0,0
0,3.3,47.2,1.213,30.23841476,-162.0327454,1,0,0,0
0,5.025,63.1,1.626,30.23841476,-162.0327454,1,0,0,0
2.89,3.35,56.2,1.529,30.23841476,-162.0327454,1,0,0,0
2.4,7.2,33.7,0.915,30.23841476,-162.0327454,1,0,0,0
0,6.375,58.2,1.515,30.23841476,-162.0327454,1,0,0,0
0,8.4,58.1,1.567,77.65274811,-9.2609272,1,0,0,0
0,10.42,77.7,2.07,77.65274811,-9.2609272,1,0,0,0
0,12.44,77.7,2.023,77.65274811,-9.2609272,1,0,0,0
4.25,3.35,37.1,1.013,30.23841476,-162.0327454,1,0,0,0
5.07,5.375,69.7,1.892,30.23841476,-162.0327454,1,0,0,0
0,5.4,69.1,1.831,77.65274811,-9.2609272,1,0,0,0
0,6.425,55.9,1.548,77.65274811,-9.2609272,1,0,0,0
0,3.35,50.5,1.315,30.23841476,-162.0327454,1,0,0,0
0,5.325,81.2,2.041,30.23841476,-162.0327454,1,0,0,0
13,5.45,84.2,2.212,77.65274811,-9.2609272,0,1,0,0
15.5,8.45,76.3,1.985,77.65274811,-9.2609272,0,1,0,0
22,15.4,61.3,1.618,77.65274811,-9.2609272,0,1,0,0
3.1,2.6,44.5,1.204,77.65274811,-9.2609272,1,0,0,0
2.5,5.1,59,1.576,77.65274811,-9.2609272,1,0,0,0
5.65,3.85,47.8,1.28,-122.4698563,-114.9771347,1,0,0,0
8.25,5.4,54.1,1.431,30.23841476,-162.0327454,1,0,0,0
0,3.7,122.9,2.969,30.23841476,-162.0327454,1,0,0,0
0,4.8,48.3,1.336,77.65274811,-9.2609272,1,0,0,0
13.8,3.3,25.4,0.689,-122.4698563,-114.9771347,1,0,0,0
2.52,6.4,44.9,1.204,30.23841476,-162.0327454,1,0,0,0
0,4.405,64.2,1.721,77.65274811,-9.2609272,1,0,0,0
0,5.435,54.3,1.455,30.23841476,-162.0327454,1,0,0,0
0,4.425,43.7,1.291,30.23841476,-162.0327454,1,0,0,0
0,5.425,59.6,1.594,30.23841476,-162.0327454,1,0,0,0
23,5.4,37.2,1.047,30.23841476,-162.0327454,0,0,0,1
42,6.9,22.5,0.662,-122.4698563,-114.9771347,0,0,0,1
44,24.55,23.6,0.675,-122.4698563,-114.9771347,0,0,0,1
1,5.35,52,1.382,30.23841476,-162.0327454,1,0,0,0
1,11.275,98.6,2.47,77.65274811,-9.2609272,1,0,0,0
1.17,16.3,65.1,1.705,77.65274811,-9.2609272,1,0,0,0
0,3.4,61,1.709,77.65274811,-9.2609272,1,0,0,0
1,5.4,54.9,1.433,30.23841476,-162.0327454,1,0,0,0
0,6.425,56.3,1.478,77.65274811,-9.2609272,1,0,0,0
0,7.425,63,1.67,77.65274811,-9.2609272,1,0,0,0
0,4.4,54.7,1.471,30.23841476,-162.0327454,1,0,0,0
0,6.45,64.6,1.676,30.23841476,-162.0327454,1,0,0,0
14,12.425,77.4,2.037,77.65274811,-9.2609272,0,1,0,0
18.3,15.425,65.2,1.739,77.65274811,-9.2609272,0,1,0,0
5.4,4.4,53,1.43,30.23841476,-162.0327454,1,0,0,0
0,5.4,55.7,1.525,30.23841476,-162.0327454,1,0,0,0
0,7,35.2,0.937,-122.4698563,-114.9771347,1,0,0,0
0,8.95,70.5,1.847,77.65274811,-9.2609272,1,0,0,0
0,4.425,59.2,1.539,77.65274811,-9.2609272,1,0,0,0
0,5.425,57.1,1.561,77.65274811,-9.2609272,1,0,0,0
0,4.4,52,1.391,77.65274811,-9.2609272,1,0,0,0
0,5.45,57.7,1.535,30.23841476,-162.0327454,1,0,0,0
0,3.4,48.1,1.269,30.23841476,-162.0327454,1,0,0,0
0,5.6,57.1,1.676,30.23841476,-162.0327454,1,0,0,0
5.11,7.4,48.4,1.288,30.23841476,-162.0327454,1,0,0,0
5.2,8.4,52.4,1.381,30.23841476,-162.0327454,1,0,0,0
0,5.425,54.8,1.44,77.65274811,-9.2609272,1,0,0,0
0,6.425,57.1,1.525,30.23841476,-162.0327454,1,0,0,0
0,7.9,51.4,1.402,30.23841476,-162.0327454,1,0,0,0
0,4.6,54.4,1.469,77.65274811,-9.2609272,1,0,0,0
0,5.6,59,1.546,77.65274811,-9.2609272,1,0,0,0
0,8.4,43.4,1.142,30.23841476,-162.0327454,1,0,0,0
0,9.4,53.9,1.395,30.23841476,-162.0327454,1,0,0,0
1.76,8.45,60.9,1.604,30.23841476,-162.0327454,1,0,0,0
0.75,10.425,53.6,1.417,30.23841476,-162.0327454,1,0,0,0
0,4.4,55.8,1.495,77.65274811,-9.2609272,1,0,0,0
0,5.225,53.6,1.459,30.23841476,-162.0327454,1,0,0,0
0.6,11.335,54.1,1.434,77.65274811,-9.2609272,1,0,0,0
1.6,13.835,64.7,1.704,77.65274811,-9.2609272,1,0,0,0
1.6,19.4,49.5,1.315,77.65274811,-9.2609272,1,0,0,0
7.8,24.35,27.9,0.776,77.65274811,-9.2609272,1,0,0,0
2.5,32.68,37.9,1.017,77.65274811,-9.2609272,1,0,0,0
2.78,8.45,49.6,1.31,30.23841476,-162.0327454,1,0,0,0
6.22,12.45,70.1,1.84,30.23841476,-162.0327454,1,0,0,0
0,3.75,26.7,0.71,77.65274811,-9.2609272,1,0,0,0
0,5.9,60.6,1.68,77.65274811,-9.2609272,1,0,0,0
0,4.35,44.9,1.237,30.23841476,-162.0327454,1,0,0,0
0,8.15,54.6,1.497,30.23841476,-162.0327454,1,0,0,0
0,11.35,74.9,2.061,77.65274811,-9.2609272,1,0,0,0
0,7.4,41.2,1.089,30.23841476,-162.0327454,1,0,0,0
0,8.4,50.3,1.284,30.23841476,-162.0327454,1,0,0,0
0,5.9,113.3,2.821,30.23841476,-162.0327454,1,0,0,0
0,7.3,39.1,1.05,30.23841476,-162.0327454,1,0,0,0
5.6,3.4,48.8,1.312,30.23841476,-162.0327454,1,0,0,0
3.15,9.45,80.5,2.125,30.23841476,-162.0327454,1,0,0,0
0,7.85,74.5,1.885,30.23841476,-162.0327454,1,0,0,0
0,11.35,56.1,1.478,77.65274811,-9.2609272,1,0,0,0
0,14.35,47.2,1.259,77.65274811,-9.2609272,1,0,0,0
0,18.525,41.9,1.131,30.23841476,-162.0327454,1,0,0,0
7.62,24.375,29.7,0.843,77.65274811,-9.2609272,1,0,0,0
9.43,32.8,27.6,0.762,77.65274811,-9.2609272,1,0,0,0
6.05,40.8,26.4,0.737,77.65274811,-9.2609272,1,0,0,0
2.1,8.775,55.5,1.402,77.65274811,-9.2609272,1,0,0,0
1.3,13.85,61.3,1.588,77.65274811,-9.2609272,1,0,0,0
4,24.2,25.5,0.708,77.65274811,-9.2609272,1,0,0,0
1.8,27.375,125.4,2.646,77.65274811,-9.2609272,1,0,0,0
